metric,population_definition,before,after,difference,interpretation,baseline_scope
calibrated_calls,calibrated_calls,0,0,0,same population,available_v5_archive_not_requested_g2
candidate_edges,candidate_edges,50568,50568,0,same population,available_v5_archive_not_requested_g2
candidate_entities_not_activity_calls,candidate_entities_not_activity_calls,338,338,0,same population,available_v5_archive_not_requested_g2
curated_A_operational_coverage,curated_A_operational_coverage,0,0,0,same population,available_v5_archive_not_requested_g2
curated_A_with_substrates,curated_A_with_substrates,41,41,0,same population,available_v5_archive_not_requested_g2
forms,forms,2824,2824,0,same population,available_v5_archive_not_requested_g2
kinase/method_scores_rows,kinase/method_scores_rows,0,41,41,versioned evidence output; not biological accuracy gain,available_v5_archive_not_requested_g2
localized_A_operational_coverage,localized_A_operational_coverage,0,0,0,same population,available_v5_archive_not_requested_g2
localized_A_with_substrates,localized_A_with_substrates,0,0,0,same population,available_v5_archive_not_requested_g2
measurement_observations,measurement_observations,0,0,0,same population,available_v5_archive_not_requested_g2
motif_A_operational_coverage,motif_A_operational_coverage,235,235,0,same population,available_v5_archive_not_requested_g2
motif_A_with_substrates,motif_A_with_substrates,303,303,0,same population,available_v5_archive_not_requested_g2
observation_sites,observation_sites,0,0,0,same population,available_v5_archive_not_requested_g2
parent_eligible_forms,parent_eligible_forms,2625,2625,0,same population,available_v5_archive_not_requested_g2
primary_comparison_rows,primary_comparison_rows,13704,13704,0,same population,available_v5_archive_not_requested_g2
profile_rows_candidate_contrast_track,profile_rows_candidate_contrast_track,28392,28392,0,same population,available_v5_archive_not_requested_g2
protein_groups,protein_groups,9525,9525,0,same population,available_v5_archive_not_requested_g2
repeated_joint_comparison_rows,repeated_joint_comparison_rows,11920,11920,0,same population,available_v5_archive_not_requested_g2
science/localization_by_contrast_rows,science/localization_by_contrast_rows,0,69684,69684,versioned evidence output; not biological accuracy gain,available_v5_archive_not_requested_g2
site_mapping_rows_not_independent_sites,site_mapping_rows_not_independent_sites,11614,11614,0,same population,available_v5_archive_not_requested_g2
specificity_A_operational_coverage,specificity_A_operational_coverage,0,0,0,same population,available_v5_archive_not_requested_g2
specificity_A_with_substrates,specificity_A_with_substrates,0,0,0,same population,available_v5_archive_not_requested_g2
specificity_score_pairs,specificity_score_pairs,0,0,0,same population,available_v5_archive_not_requested_g2
temporal/group_excluded_cowave_rows,temporal/group_excluded_cowave_rows,0,3300,3300,versioned evidence output; not biological accuracy gain,available_v5_archive_not_requested_g2
temporal/interval_contrasts_rows,temporal/interval_contrasts_rows,0,16944,16944,versioned evidence output; not biological accuracy gain,available_v5_archive_not_requested_g2
