input_id,source_filename,sha256,order_field,runtime_input_key,consumer,export_location,disposition,parser_version,schema,lineage_scope
PR,PR.tsv,7160e863ddaf5236d22c5dc95fd3b066355341e8b2b130f11ef12e5a46a52ba4,pr_matrix_path,PR,contrast_quantification.prepare_forms,quant/runlevel.csv,consumed,astra_analysis_package.v6.experimental,detected_and_declared_version_required,source_bytes_to_same_run_scientific_tables
PG,PG.tsv,57c874a46f57608a64a779c4ef8ddecd07273cc0603aa228b8fbd662cbfca745,pg_matrix_path,PG,contrast_quantification.protein_contrasts,quant/protein_contrasts.csv,consumed,astra_analysis_package.v6.experimental,detected_and_declared_version_required,source_bytes_to_same_run_scientific_tables
FASTA,reference.fasta,61b5d367511111d46377c78cfcfc1a09bacb0c1632c9960282520de732823c83,fasta_path,FASTA,science_reference.preflight,science/site_identity_audit.csv,consumed,astra_analysis_package.v6.experimental,detected_and_declared_version_required,source_bytes_to_same_run_scientific_tables
DIANN,,,diann_report_path,DIANN,diann_evidence.observations → localization_evidence.observation_sites,science/measurement_observations.csv,not_provided,localization_evidence.v2,detected_and_declared_version_required,source_bytes_to_same_run_scientific_tables
DIANN_SITE,,,diann_site_report_path,DIANN_SITE,localization_evidence.read_site_report,science/site_report_observations.csv,not_provided,localization_evidence.v2,detected_and_declared_version_required,source_bytes_to_same_run_scientific_tables
CROSSWALK,,,run_crosswalk_path,CROSSWALK,diann_evidence.observations,science/measurement_observations.csv,not_provided,localization_evidence.v2,detected_and_declared_version_required,source_bytes_to_same_run_scientific_tables
SPECIFICITY,,,specificity_manifest_path,SPECIFICITY,kinase_specificity.score_sites → membership gate → astra_discovery.score_candidates,science/specificity_scores.csv,not_provided,astra_analysis_package.v6.experimental,detected_and_declared_version_required,source_bytes_to_same_run_scientific_tables
CALIBRATION,,,calibration_policy_path,CALIBRATION,inference_policy.evaluate,science/calibration_provenance.csv,not_provided,astra_analysis_package.v6.experimental,detected_and_declared_version_required,source_bytes_to_same_run_scientific_tables
SEARCH_FASTA,,,search_fasta_path,SEARCH_FASTA,science_reference.preflight,science/reference_inventory.csv,not_provided,astra_analysis_package.v6.experimental,detected_and_declared_version_required,source_bytes_to_same_run_scientific_tables
TAXONOMY,,,taxonomy_mapping_path,TAXONOMY,science_reference.inventory,science/reference_inventory.csv,not_provided,astra_analysis_package.v6.experimental,detected_and_declared_version_required,source_bytes_to_same_run_scientific_tables
VALIDATION,,,perturbation_manifest_path,VALIDATION,perturbation_validation.import_validation,science/perturbation_validation.csv,not_provided,astra_analysis_package.v6.experimental,detected_and_declared_version_required,source_bytes_to_same_run_scientific_tables
TRANSGENE,,,transgene_manifest_path,TRANSGENE,raw provenance only; construct-specific mapping not implemented,inputs/,not_provided,astra_analysis_package.v6.experimental,detected_and_declared_version_required,source_bytes_to_same_run_scientific_tables
